timeStamp,elapsed,label,responseCode,responseMessage,threadName,dataType,success,failureMessage,bytes,sentBytes,grpThreads,allThreads,URL,Latency,IdleTime,Connect
1.73191E+12,1075,LandingPageTest,200,OK,Landing Page 1-1,text,TRUE,,6295,298,3,3,https://opensource-demo.orangehrmlive.com/web/index.php/auth/login,760,0,480
1.73191E+12,760,LandingPageTest-0,302,Found,Landing Page 1-1,text,TRUE,,1351,137,3,3,https://opensource-demo.orangehrmlive.com/,760,0,480
1.73191E+12,315,LandingPageTest-1,200,OK,Landing Page 1-1,text,TRUE,,4944,161,3,3,https://opensource-demo.orangehrmlive.com/web/index.php/auth/login,315,0,0
1.73191E+12,1055,LandingPageTest,200,OK,Landing Page 1-2,text,TRUE,,6297,298,4,4,https://opensource-demo.orangehrmlive.com/web/index.php/auth/login,739,0,500
1.73191E+12,739,LandingPageTest-0,302,Found,Landing Page 1-2,text,TRUE,,1351,137,4,4,https://opensource-demo.orangehrmlive.com/,739,0,500
1.73191E+12,316,LandingPageTest-1,200,OK,Landing Page 1-2,text,TRUE,,4946,161,4,4,https://opensource-demo.orangehrmlive.com/web/index.php/auth/login,316,0,0
1.73191E+12,1044,LandingPageTest,200,OK,Landing Page 1-3,text,TRUE,,6285,298,5,5,https://opensource-demo.orangehrmlive.com/web/index.php/auth/login,725,0,473
1.73191E+12,725,LandingPageTest-0,302,Found,Landing Page 1-3,text,TRUE,,1351,137,5,5,https://opensource-demo.orangehrmlive.com/,725,0,473
1.73191E+12,319,LandingPageTest-1,200,OK,Landing Page 1-3,text,TRUE,,4934,161,5,5,https://opensource-demo.orangehrmlive.com/web/index.php/auth/login,319,0,0
1.73191E+12,993,APITest,200,OK,Landing Page 1-1,text,TRUE,,102787,169,5,5,https://opensource-demo.orangehrmlive.com/web/index.php/core/i18n/messages,536,0,0
1.73191E+12,1051,LandingPageTest,200,OK,Landing Page 1-4,text,TRUE,,6279,298,5,5,https://opensource-demo.orangehrmlive.com/web/index.php/auth/login,725,0,481
1.73191E+12,725,LandingPageTest-0,302,Found,Landing Page 1-4,text,TRUE,,1351,137,5,5,https://opensource-demo.orangehrmlive.com/,725,0,481
1.73191E+12,326,LandingPageTest-1,200,OK,Landing Page 1-4,text,TRUE,,4928,161,5,5,https://opensource-demo.orangehrmlive.com/web/index.php/auth/login,326,0,0
1.73191E+12,1025,APITest,200,OK,Landing Page 1-2,text,FALSE,"The operation lasted too long: It took 1,025 milliseconds, but should not have lasted longer than 1,000 milliseconds.",102787,169,5,5,https://opensource-demo.orangehrmlive.com/web/index.php/core/i18n/messages,559,0,0
1.73191E+12,1009,LandingPageTest,200,OK,Landing Page 1-5,text,TRUE,,6281,298,5,5,https://opensource-demo.orangehrmlive.com/web/index.php/auth/login,687,0,454
1.73191E+12,687,LandingPageTest-0,302,Found,Landing Page 1-5,text,TRUE,,1351,137,5,5,https://opensource-demo.orangehrmlive.com/,687,0,454
1.73191E+12,321,LandingPageTest-1,200,OK,Landing Page 1-5,text,TRUE,,4930,161,5,5,https://opensource-demo.orangehrmlive.com/web/index.php/auth/login,321,0,0
1.73191E+12,1010,APITest,200,OK,Landing Page 1-3,text,FALSE,"The operation lasted too long: It took 1,010 milliseconds, but should not have lasted longer than 1,000 milliseconds.",102787,169,5,5,https://opensource-demo.orangehrmlive.com/web/index.php/core/i18n/messages,551,0,0
1.73191E+12,1035,LandingPageTest,200,OK,Landing Page 1-6,text,TRUE,,6298,298,5,5,https://opensource-demo.orangehrmlive.com/web/index.php/auth/login,715,0,464
1.73191E+12,715,LandingPageTest-0,302,Found,Landing Page 1-6,text,TRUE,,1351,137,5,5,https://opensource-demo.orangehrmlive.com/,715,0,464
1.73191E+12,320,LandingPageTest-1,200,OK,Landing Page 1-6,text,TRUE,,4947,161,5,5,https://opensource-demo.orangehrmlive.com/web/index.php/auth/login,320,0,0
1.73191E+12,1029,APITest,200,OK,Landing Page 1-4,text,FALSE,"The operation lasted too long: It took 1,029 milliseconds, but should not have lasted longer than 1,000 milliseconds.",102787,169,5,5,https://opensource-demo.orangehrmlive.com/web/index.php/core/i18n/messages,569,0,0
1.73191E+12,986,APITest,200,OK,Landing Page 1-5,text,TRUE,,102787,169,4,4,https://opensource-demo.orangehrmlive.com/web/index.php/core/i18n/messages,539,0,0
1.73191E+12,1013,LandingPageTest,200,OK,Landing Page 1-7,text,TRUE,,6270,298,4,4,https://opensource-demo.orangehrmlive.com/web/index.php/auth/login,690,0,452
1.73191E+12,690,LandingPageTest-0,302,Found,Landing Page 1-7,text,TRUE,,1351,137,4,4,https://opensource-demo.orangehrmlive.com/,690,0,452
1.73191E+12,323,LandingPageTest-1,200,OK,Landing Page 1-7,text,TRUE,,4919,161,4,4,https://opensource-demo.orangehrmlive.com/web/index.php/auth/login,323,0,0
1.73191E+12,1013,LandingPageTest,200,OK,Landing Page 1-8,text,TRUE,,6273,298,5,5,https://opensource-demo.orangehrmlive.com/web/index.php/auth/login,702,0,471
1.73191E+12,702,LandingPageTest-0,302,Found,Landing Page 1-8,text,TRUE,,1351,137,5,5,https://opensource-demo.orangehrmlive.com/,702,0,471
1.73191E+12,311,LandingPageTest-1,200,OK,Landing Page 1-8,text,TRUE,,4922,161,5,5,https://opensource-demo.orangehrmlive.com/web/index.php/auth/login,311,0,0
1.73191E+12,997,APITest,200,OK,Landing Page 1-6,text,TRUE,,102787,169,5,5,https://opensource-demo.orangehrmlive.com/web/index.php/core/i18n/messages,546,0,0
1.73191E+12,1001,LandingPageTest,200,OK,Landing Page 1-9,text,TRUE,,6301,298,4,4,https://opensource-demo.orangehrmlive.com/web/index.php/auth/login,686,0,447
1.73191E+12,686,LandingPageTest-0,302,Found,Landing Page 1-9,text,TRUE,,1351,137,4,4,https://opensource-demo.orangehrmlive.com/,686,0,447
1.73191E+12,989,APITest,200,OK,Landing Page 1-7,text,TRUE,,102787,169,4,4,https://opensource-demo.orangehrmlive.com/web/index.php/core/i18n/messages,541,0,0
1.73191E+12,314,LandingPageTest-1,200,OK,Landing Page 1-9,text,TRUE,,4950,161,4,4,https://opensource-demo.orangehrmlive.com/web/index.php/auth/login,314,0,0
1.73191E+12,1020,LandingPageTest,200,OK,Landing Page 1-10,text,TRUE,,6279,298,3,3,https://opensource-demo.orangehrmlive.com/web/index.php/auth/login,704,0,466
1.73191E+12,704,LandingPageTest-0,302,Found,Landing Page 1-10,text,TRUE,,1351,137,3,3,https://opensource-demo.orangehrmlive.com/,704,0,466
1.73191E+12,316,LandingPageTest-1,200,OK,Landing Page 1-10,text,TRUE,,4928,161,3,3,https://opensource-demo.orangehrmlive.com/web/index.php/auth/login,316,0,0
1.73191E+12,1023,APITest,200,OK,Landing Page 1-8,text,FALSE,"The operation lasted too long: It took 1,023 milliseconds, but should not have lasted longer than 1,000 milliseconds.",102787,169,3,3,https://opensource-demo.orangehrmlive.com/web/index.php/core/i18n/messages,560,0,0
1.73191E+12,1030,APITest,200,OK,Landing Page 1-9,text,FALSE,"The operation lasted too long: It took 1,030 milliseconds, but should not have lasted longer than 1,000 milliseconds.",102787,169,2,2,https://opensource-demo.orangehrmlive.com/web/index.php/core/i18n/messages,534,0,0
1.73191E+12,1231,APITest,200,OK,Landing Page 1-10,text,FALSE,"The operation lasted too long: It took 1,231 milliseconds, but should not have lasted longer than 1,000 milliseconds.",102787,169,1,1,https://opensource-demo.orangehrmlive.com/web/index.php/core/i18n/messages,531,0,0
